{"cameraMode":{"drawMode":0,"name":"Shaded","section":"Shading Mode"},"sceneLighting":true,"audioPlay":false,"sceneViewState":{"showFog":true,"showMaterialUpdate":false,"showSkybox":false,"showFlares":true,"showImageEffects":true,"showParticleSystems":true},"in2DMode":false,"pivot":{"x":-78.16000366210938,"y":-11.220001220703125,"z":6.5},"rotation":{"x":0.12236262857913971,"y":0.029779022559523584,"z":-0.0036727520637214185,"w":0.9920318126678467},"size":68.5892105102539,"orthographic":false}