{"cameraMode":{"drawMode":0,"name":"Shaded","section":"Shading Mode"},"sceneLighting":false,"audioPlay":false,"sceneViewState":{"showFog":true,"showMaterialUpdate":false,"showSkybox":false,"showFlares":true,"showImageEffects":true,"showParticleSystems":true},"in2DMode":false,"pivot":{"x":-72.23999786376953,"y":-7.090000152587891,"z":-23.450000762939454},"rotation":{"x":-0.33119484782218935,"y":-0.035668812692165378,"z":0.012529995292425156,"w":-0.942804753780365},"size":0.28579309582710268,"orthographic":false}