{"cameraMode":{"drawMode":0,"name":"Shaded","section":"Shading Mode"},"sceneLighting":true,"audioPlay":false,"sceneViewState":{"showFog":true,"showMaterialUpdate":false,"showSkybox":false,"showFlares":true,"showImageEffects":true,"showParticleSystems":true},"in2DMode":false,"pivot":{"x":-41.79999923706055,"y":-11.220001220703125,"z":-28.6299991607666},"rotation":{"x":-0.1830807477235794,"y":-0.1282000094652176,"z":0.02408735081553459,"w":-0.9744054675102234},"size":45.72613525390625,"orthographic":false}