{"cameraMode":{"drawMode":0,"name":"Shaded","section":"Shading Mode"},"sceneLighting":true,"audioPlay":false,"sceneViewState":{"showFog":true,"showMaterialUpdate":false,"showSkybox":true,"showFlares":true,"showImageEffects":true,"showParticleSystems":true},"in2DMode":false,"pivot":{"x":330.5675048828125,"y":89.1649169921875,"z":1016.0917358398438},"rotation":{"x":-0.055771660059690478,"y":0.03082916885614395,"z":-0.0017239541048184038,"w":-0.9979659914970398},"size":1805.02001953125,"orthographic":false}